{
  "code": "近半個月_新聞_興趣強度-前25%",
  "name": "近半個月_新聞_興趣強度-前25%",
  "description": "前25%",
  "owner": "",
  "level": 2,
  "type": "STAMP",
  "mode": "rule",
  "create_by": "Berry-Co.",
  "spec": {
    "tagged_with": ["近半個月_新聞_興趣強度"],
    "pipelines": [
      {
        "$unwind": {
          "path": "$tags",
          "preserveNullAndEmptyArrays": false
        }
      },
      {
        "$facet": {
          "temp": [
            {
              "$bucketAuto": {
                "groupBy": "$tags.v",
                "buckets": 4,
                "output": {
                  "data": {
                    "$push": {
                      "_id": "$_id"
                    }
                  }
                }
              }
            }
          ]
        }
      },
      {
        "$unwind": {
          "path": "$temp",
          "includeArrayIndex": "idx",
          "preserveNullAndEmptyArrays": false
        }
      },
      {
        "$match": {
          "idx": 1
        }
      },
      {
        "$unwind": {
          "path": "$temp.data"
        }
      },
      {
        "$project": {
          "_id": "$temp.data._id"
        }
      }
    ]
  }
}