{
  "code": "近半個月_食物和飲料_點擊次數-大於平均",
  "name": "近半個月_食物和飲料_點擊次數-大於平均",
  "description": "大於平均",
  "owner": "",
  "level": 2,
  "type": "STAMP",
  "mode": "rule",
  "create_by": "Berry-Co.",
  "spec": {
    "tagged_with": ["近半個月_食物和飲料_點擊次數"],
    "pipelines": [
      {
        "$unwind": {
          "path": "$tags",
          "preserveNullAndEmptyArrays": false
        }
      },
      {
        "$setWindowFields": {
          "output": {
            "avg": {
              "$avg": "$tags.v"
            }
          }
        }
      },
      {
        "$match": {
          "$expr": {
            "$gte": [
              "$tags.v",
              "$avg"
            ]
          }
        }
      },
      {
        "$project": {
          "_id": "$_id"
        }
      }
    ]
  }
}