{
  "code": "近一個月_ETF_手續費-低",
  "name": "近一個月_ETF_手續費-低",
  "description": "小於PR20",
  "owner": "",
  "level": 2,
  "type": "STAMP",
  "mode": "rule",
  "create_by": "Berry-Co.",
  "spec": {
    "tagged_with": ["近一個月_ETF_手續費-PR"],
    "pipelines": [
      {
        "$match": {
          "tags": {
            "$elemMatch": {
              "k": "近一個月_ETF_手續費-PR",
              "v": {
                "$lte": 20
              }
            }
          }
        }
      },
      {
        "$project": {
          "_id": "$CUSTID"
        }
      }
    ]
  }
}