{
  "code": "MoM_ETF_交易金額_趨勢-持平",
  "name": "MoM_ETF_交易金額_趨勢-持平",
  "description": "0-10 percent",
  "owner": "",
  "level": 2,
  "type": "STAMP",
  "mode": "rule",
  "create_by": "Berry-Co.",
  "spec": {
    "pre_processing_id": "ETF_交易金額與次數",
    "pipelines": [
      {
        "$project": {
          "CUSTID": 1,
          "M2": {
            "$cond": [
              {
                "$lte": [
                  {"$add":["$sum-subs_dollar-M1","sum-redem_dollar-$M1"]},
                  0
                ]
              },
              {"$add":["$sum-subs_dollar-M2","sum-redem_dollar-$M2"]},
              {
                "$ifNull": [
                  {"$add":["$sum-subs_dollar-M2","sum-redem_dollar-$M2"]},
                  0.01
                ]
              }
            ]
          },
          "M1": {
            "$cond": [
              {
                "$lte": [
                  {"$add":["$sum-subs_dollar-M2","sum-redem_dollar-$M2"]},
                  0
                ]
              },
              {"$add":["$sum-subs_dollar-M1","sum-redem_dollar-$M1"]},
              {
                "$ifNull": [
                  {"$add":["$sum-subs_dollar-M1","sum-redem_dollar-$M1"]},
                  0.01
                ]
              }
            ]
          }
        }
      },
      {
        "$match": {
          "$or": [
            {
              "M1": {
                "$ne": 0
              }
            },
            {
              "M2": {
                "$ne": 0
              }
            }
          ]
        }
      },
      {
        "$project": {
          "_id": "$CUSTID",
          "value": {
            "$cond": [
              {
                "$eq": [
                  "$M2",
                  0
                ]
              },
              {
                "$divide": [
                  "$M1",
                  0.01
                ]
              },
              {
                "$divide": [
                  "$M1",
                  "$M2"
                ]
              }
            ]
          }
        }
      },
      {
        "$match": {
          "$and": [
            {
              "value": {
                "$gte": 0.9
              }
            },
            {
              "value": {
                "$lte": 1.1
              }
            }
          ]
        }
      },
      {
        "$project": {
          "_id": 1
        }
      }
    ]
  }
}