{
  "code": "MoM_繳費_交易次數_趨勢-衰退",
  "name": "MoM_繳費_交易次數_趨勢-衰退",
  "description": "0 percent",
  "owner": "",
  "level": 2,
  "type": "STAMP",
  "mode": "rule",
  "create_by": "Berry-Co.",
  "spec": {
    "pre_processing_id": "繳費_交易金額與次數",
    "pipelines": [
      {
        "$project": {
          "CUSTID": 1,
          "M2": {
            "$cond": [
              {
                "$lte": [
                  "$record_count-M1",
                  0
                ]
              },
              "$record_count-M2",
              {
                "$ifNull": [
                  "$record_count-M2",
                  0.01
                ]
              }
            ]
          },
          "M1": {
            "$cond": [
              {
                "$lte": [
                  "$record_count-M2",
                  0
                ]
              },
              "$record_count-M1",
              {
                "$ifNull": [
                  "$record_count-M1",
                  0.01
                ]
              }
            ]
          }
        }
      },
      {
        "$match": {
          "$or": [
            {
              "M1": {
                "$ne": 0
              }
            },
            {
              "M2": {
                "$ne": 0
              }
            }
          ]
        }
      },
      {
        "$project": {
          "_id": "$CUSTID",
          "value": {
            "$cond": [
              {
                "$eq": [
                  "$M2",
                  0
                ]
              },
              {
                "$divide": [
                  "$M1",
                  0.01
                ]
              },
              {
                "$divide": [
                  "$M1",
                  "$M2"
                ]
              }
            ]
          }
        }
      },
      {
        "$match": {
          "value": {
            "$lt": 0.9
          }
        }
      },
      {
        "$project": {
          "_id": 1
        }
      }
    ]
  }
}