{
  "code": "QoQ_保險_交易次數_趨勢-持平",
  "name": "QoQ_保險_交易次數_趨勢-持平",
  "description": "0-10 percent",
  "owner": "",
  "level": 2,
  "type": "STAMP",
  "mode": "rule",
  "create_by": "Berry-Co.",
  "spec": {
    "pre_processing_id": "保險_保單保額及交易次數",
    "pipelines": [
      {
        "$project": {
          "CUSTID": 1,
          "M2": {
            "$sum": [
              "$record_count-M4",
              "$record_count-M5",
              "$record_count-M6"
            ]
          },
          "M1": {
            "$sum": [
              "$record_count-M1",
              "$record_count-M2",
              "$record_count-M3"
            ]
          }
        }
      },
      {
        "$project": {
          "CUSTID": 1,
          "M2": {
            "$cond": [
              {
                "$lte": [
                  "$M1",
                  0
                ]
              },
              "$M2",
              {
                "$ifNull": [
                  "$M2",
                  0.01
                ]
              }
            ]
          },
          "M1": {
            "$cond": [
              {
                "$lte": [
                  "$M2",
                  0
                ]
              },
              "$M1",
              {
                "$ifNull": [
                  "$M1",
                  0.01
                ]
              }
            ]
          }
        }
      },
      {
        "$match": {
          "$or": [
            {
              "M1": {
                "$ne": 0
              }
            },
            {
              "M2": {
                "$ne": 0
              }
            }
          ]
        }
      },
      {
        "$project": {
          "_id": "$CUSTID",
          "value": {
            "$cond": [
              {
                "$eq": [
                  "$M2",
                  0
                ]
              },
              {
                "$divide": [
                  "$M1",
                  0.01
                ]
              },
              {
                "$divide": [
                  "$M1",
                  "$M2"
                ]
              }
            ]
          }
        }
      },
      {
        "$match": {
          "$and": [
            {
              "value": {
                "$gte": 0.9
              }
            },
            {
              "value": {
                "$lte": 1.1
              }
            }
          ]
        }
      },
      {
        "$project": {
          "_id": 1
        }
      }
    ]
  }
}