{
  "code": "QoQ_美股_交易金額_趨勢-衰退",
  "name": "QoQ_美股_交易金額_趨勢-衰退",
  "description": "0 percent",
  "owner": "",
  "level": 2,
  "type": "STAMP",
  "mode": "rule",
  "create_by": "Berry-Co.",
  "spec": {
    "collection": "cust_profile_sum",
    "pipelines": [
      {
        "$match": {
          "measure_name": "美股_交易金額"
        }
      },
      {
        "$project": {
          "CUSTID": 1,
          "M2": {
            "$sum": [
              "$M4",
              "$M5",
              "$M6"
            ]
          },
          "M1": {
            "$sum": [
              "$M1",
              "$M2",
              "$M3"
            ]
          }
        }
      },
      {
        "$project": {
          "CUSTID": 1,
          "M2": {
            "$cond": [
              {
                "$lte": [
                  "$M1",
                  0
                ]
              },
              "$M2",
              {
                "$ifNull": [
                  "$M2",
                  0.01
                ]
              }
            ]
          },
          "M1": {
            "$cond": [
              {
                "$lte": [
                  "$M2",
                  0
                ]
              },
              "$M1",
              {
                "$ifNull": [
                  "$M1",
                  0.01
                ]
              }
            ]
          }
        }
      },
      {
        "$match": {
          "$or": [
            {
              "M1": {
                "$ne": 0
              }
            },
            {
              "M2": {
                "$ne": 0
              }
            }
          ]
        }
      },
      {
        "$project": {
          "_id": "$CUSTID",
          "value": {
            "$cond": [
              {
                "$eq": [
                  "$M2",
                  0
                ]
              },
              {
                "$divide": [
                  "$M1",
                  0.01
                ]
              },
              {
                "$divide": [
                  "$M1",
                  "$M2"
                ]
              }
            ]
          }
        }
      },
      {
        "$match": {
          "value": {
            "$lt": 0.9
          }
        }
      },
      {
        "$project": {
          "_id": 1
        }
      }
    ]
  }
}