{
  "code": "近三個月_基金_單筆申購_交易金額-高",
  "name": "近三個月_基金_單筆申購_交易金額-高",
  "description": "大於PR80",
  "owner": "",
  "level": 2,
  "type": "STAMP",
  "mode": "rule",
  "create_by": "Berry-Co.",
  "spec": {
    "tagged_with": ["近三個月_基金_單筆申購_交易金額-PR"],
    "pipelines": [
      {
        "$match": {
           "tags": {
            "$elemMatch": {
              "k": "近三個月_基金_單筆申購_交易金額-PR",
              "v": {
                "$gt": 80
              }
            }
          }
        }
      },
      {
        "$project": {
          "_id": "$CUSTID"
        }
      }
    ]
  }
}