{
  "code": "近六個月_ETF_交易金額-中",
  "name": "近六個月_ETF_交易金額-中",
  "description": "PR20-PR80",
  "owner": "",
  "level": 2,
  "type": "STAMP",
  "mode": "rule",
  "create_by": "Berry-Co.",
  "spec": {
    "tagged_with": ["近六個月_ETF_交易金額-PR"],
    "pipelines": [
      {
        "$match": {
           "tags": {
            "$elemMatch": {
              "k": "近六個月_ETF_交易金額-PR",
              "$and": [
                {
                  "v": {
                    "$lte": 80
                  }
                },
                {
                  "v": {
                    "$gt": 20
                  }
                }
              ]
            }
          }
        }
      },
      {
        "$project": {
          "_id": "$CUSTID"
        }
      }
    ]
  }
}