{
  "code": "近六個月_車貸_客服進件_權益-低",
  "name": "近六個月_車貸_客服進件_權益-低",
  "description": "小於PR20",
  "owner": "",
  "level": 2,
  "type": "STAMP",
  "mode": "rule",
  "create_by": "Berry-Co.",
  "spec": {
    "tagged_with": ["近六個月_車貸_客服進件_權益-PR"],
    "pipelines": [
      {
        "$match": {
          "tags": {
            "$elemMatch": {
              "k": "近六個月_車貸_客服進件_權益-PR",
              "v": {
                "$lte": 20
              }
            }
          }
        }
      },
      {
        "$project": {
          "_id": "$CUSTID"
        }
      }
    ]
  }
}